/catalog	browse-the-catalog-before
/books/the-river-path	book-details-the-river-path-before
/noholi-books	noholi-books-before
/become-a-member	become-a-member-before
/contact	contact-before
/about	about-before
/rules	rules-before
/gallery	gallery-before
/e-books	e-books-before
/read/the-river-path	reader-the-river-path-before
/audio-books	audio-books-before
/audio-books/the-river-path	audio-book-details-the-river-path-before
/blogs	blogs-literary-chronicles-before
/blogs/the-solitary-hour	blog-the-solitary-hour-before
/creative-writings	creative-writings-poetry-short-stories-excerpts-before
/creative-writings/the-scent-of-wet-clay	creative-writing-the-scent-of-wet-clay-at-buriganga-before
/book-reviews	book-reviews-critiques-reading-guides-before
/book-reviews/padma-nadir-majhi	read-critique-apparatus-padma-nadir-majhi-before
