36:2470	Catalog	catalog	/catalog	__36-2470.png
36:2185	BookDetails	book	/books/the-river-path	__36-2185.png
36:267	NoholiBooks	nbooks	/noholi-books	__36-267.png
36:1002	BecomeMember	join	/become-a-member	__36-1002.png
36:1382	Contact	contact	/contact	__36-1382.png
36:739	About	about	/about	__36-739.png
36:1587	Rules	rules	/rules	__36-1587.png
36:1911	Gallery	gallery	/gallery	__36-1911.png
36:107	EBooks	ebooks	/e-books	__36-107.png
36:2	Reader	reader	/read/the-river-path	__36-2.png
71:2	AudioBooks	audio	/audio-books	__71-2.png
71:420	AudioBookDetails	audiobook	/audio-books/the-river-path	__71-420.png
158:67	Blogs	blogs	/blogs	__158-67.png
158:407	BlogPost	blogpost	/blogs/the-solitary-hour	__158-407.png
158:830	CreativeWritings	writings	/creative-writings	__158-830.png
158:1262	CreativeWriting	writing	/creative-writings/the-scent-of-wet-clay	__158-1262.png
158:1717	BookReviews	reviews	/book-reviews	__158-1717.png
158:2198	Critique	critique	/book-reviews/padma-nadir-majhi	__158-2198.png
